Turnout Percent,Total Votes,Republican Votes,Republican Electoral Votes,Republican Vote Percent,Democrat Votes,Democrat Electoral Votes,Democrat Vote Percent,Independent Votes,Independent Electoral Votes,Independent Vote Percent
0.7199836363636364,129272558.2,61686126.78181818,292.74545454545455,0.4764327272727272,60095743.56363636,245.25454545454545,0.4651054545454546,7490687.8545454545,0.0,0.05845818181818181
