Turnout Percent,Total Votes,Republican Votes,Republican Electoral Votes,Republican Vote Percent,Democrat Votes,Democrat Electoral Votes,Democrat Vote Percent,Independent Votes,Independent Electoral Votes,Independent Vote Percent
0.7473769275362317,134188984.92869565,63431217.117101446,258.36347826086956,0.4724926956521739,65780510.50434782,279.63652173913044,0.4902837101449275,4977257.307246377,0.0,0.03722376811594203
