Turnout Percent,Total Votes,Republican Votes,Republican Electoral Votes,Republican Vote Percent,Democrat Votes,Democrat Electoral Votes,Democrat Vote Percent,Independent Votes,Independent Electoral Votes,Independent Vote Percent
0.7475766470588235,134224865.40764707,63446091.27411765,258.3458823529412,0.472477705882353,65793101.52529412,279.6541176470588,0.4902565882352941,4985672.608235294,0.0,0.03726623529411765
