Turnout Percent,Total Votes,Republican Votes,Republican Electoral Votes,Republican Vote Percent,Democrat Votes,Democrat Electoral Votes,Democrat Vote Percent,Independent Votes,Independent Electoral Votes,Independent Vote Percent
0.7484150588235293,134375163.9247059,63679714.52,259.8211764705882,0.47390682352941177,65791703.36941177,278.1788235294118,0.48971341176470595,4903746.035294117,0.0,0.036379529411764706
