Turnout Percent,Total Votes,Republican Votes,Republican Electoral Votes,Republican Vote Percent,Democrat Votes,Democrat Electoral Votes,Democrat Vote Percent,Independent Votes,Independent Electoral Votes,Independent Vote Percent
0.7484185454545454,134375696.5818182,63865454.167272724,261.6290909090909,0.47511454545454546,65735791.30909091,276.3709090909091,0.48933454545454547,4774451.1054545455,0.0,0.03555272727272728
